meeting,file
01,01-05-Sep-18.html
02,02-07-Sep-18.html
03,03-10-Sep-18.html
04,04-12-Sep-18.html
05,05-14-Sep-18.html
06,06-17-Sep-18.html
07,07-19-Sep-18.html
08,08-21-Sep-18.html
09,09-24-Sep-18.html
10,10-26-Sep-18.html
11,11-28-Sep-18.html
12,12-01-Oct-18.html
13,13-03-Oct-18.html
14,14-05-Oct-18.html
15,15-10-Oct-18.html
16,16-12-Oct-18.html
17,17-15-Oct-18.html
18,18-17-Oct-18.html
19,19-19-Oct-18.html
20,20-22-Oct-18.html
21,21-24-Oct-18.html
22,22-26-Oct-18.html
23,23-29-Oct-18.html
24,24-31-Oct-18.html
25,25-02-Nov-18.html
26,26-05-Nov-18.html
27,27-14-Nov-18.html
28,28-16-Nov-18.html
29,29-19-Nov-18.html
30,30-21-Nov-18.html
31,31-23-Nov-18.html
32,32-26-Nov-18.html
33,33-28-Nov-18.html
34,34-30-Nov-18.html
35,35-03-Dec-18.html
36,36-05-Dec-18.html
