meeting,total_mtgs,date,file
01,37,Mon-10-Jan-2022,01_Mon-10-Jan-2022.html
02,37,Wed-12-Jan-2022,02_Wed-12-Jan-2022.html
03,37,Fri-14-Jan-2022,03_Fri-14-Jan-2022.html
04,37,Mon-17-Jan-2022,04_Mon-17-Jan-2022.html
05,37,Wed-19-Jan-2022,05_Wed-19-Jan-2022.html
06,37,Fri-21-Jan-2022,06_Fri-21-Jan-2022.html
07,37,Mon-24-Jan-2022,07_Mon-24-Jan-2022.html
08,37,Wed-26-Jan-2022,08_Wed-26-Jan-2022.html
09,37,Fri-28-Jan-2022,09_Fri-28-Jan-2022.html
10,37,Mon-31-Jan-2022,10_Mon-31-Jan-2022.html
11,37,Wed-02-Feb-2022,11_Wed-02-Feb-2022.html
12,37,Fri-04-Feb-2022,12_Fri-04-Feb-2022.html
13,37,Mon-07-Feb-2022,13_Mon-07-Feb-2022.html
14,37,Wed-09-Feb-2022,14_Wed-09-Feb-2022.html
15,37,Fri-11-Feb-2022,15_Fri-11-Feb-2022.html
16,37,Mon-14-Feb-2022,16_Mon-14-Feb-2022.html
17,37,Wed-16-Feb-2022,17_Wed-16-Feb-2022.html
18,37,Fri-18-Feb-2022,18_Fri-18-Feb-2022.html
19,37,Mon-28-Feb-2022,19_Mon-28-Feb-2022.html
20,37,Wed-02-Mar-2022,20_Wed-02-Mar-2022.html
21,37,Fri-04-Mar-2022,21_Fri-04-Mar-2022.html
22,37,Mon-07-Mar-2022,22_Mon-07-Mar-2022.html
23,37,Wed-09-Mar-2022,23_Wed-09-Mar-2022.html
24,37,Fri-11-Mar-2022,24_Fri-11-Mar-2022.html
25,37,Mon-14-Mar-2022,25_Mon-14-Mar-2022.html
26,37,Wed-16-Mar-2022,26_Wed-16-Mar-2022.html
27,37,Fri-18-Mar-2022,27_Fri-18-Mar-2022.html
28,37,Mon-21-Mar-2022,28_Mon-21-Mar-2022.html
29,37,Wed-23-Mar-2022,29_Wed-23-Mar-2022.html
30,37,Fri-25-Mar-2022,30_Fri-25-Mar-2022.html
31,37,Mon-28-Mar-2022,31_Mon-28-Mar-2022.html
32,37,Wed-30-Mar-2022,32_Wed-30-Mar-2022.html
33,37,Fri-01-Apr-2022,33_Fri-01-Apr-2022.html
34,37,Mon-04-Apr-2022,34_Mon-04-Apr-2022.html
35,37,Wed-06-Apr-2022,35_Wed-06-Apr-2022.html
36,37,Fri-08-Apr-2022,36_Fri-08-Apr-2022.html
37,37,Mon-11-Apr-2022,37_Mon-11-Apr-2022.html
