meet,file,URL
16,16 - 2.jpg,https://dl.dropboxusercontent.com/s/ze9f15bts1371xa/16%20-%202.jpg?dl=0
09,09 - 5.jpg,https://dl.dropboxusercontent.com/s/z195z2fa7deeb2n/09%20-%205.jpg?dl=0
30,30 - 1.jpg,https://dl.dropboxusercontent.com/s/yqtsdi8pg84y9rs/30%20-%201.jpg?dl=0
33,33 - 4.jpg,https://dl.dropboxusercontent.com/s/ygaynxjz3509ji2/33%20-%204.jpg?dl=0
16,16.m4a,https://dl.dropboxusercontent.com/s/xz46b8nr7zq5ncg/16.m4a?dl=0
15,15 - 2.jpg,https://dl.dropboxusercontent.com/s/xyylnj961bxz720/15%20-%202.jpg?dl=0
22,22.m4a,https://dl.dropboxusercontent.com/s/xlhgjdf1ititupp/22.m4a?dl=0
08,08 - 2.jpg,https://dl.dropboxusercontent.com/s/xg0eipfskns4azd/08%20-%202.jpg?dl=0
10,10 - 2.jpg,https://dl.dropboxusercontent.com/s/x5fo1kj038ed6v3/10%20-%202.jpg?dl=0
05,05.m4a,https://dl.dropboxusercontent.com/s/wm8mok9aruy5ppn/05.m4a?dl=0
25,25 - 3.jpg,https://dl.dropboxusercontent.com/s/w9x7d4qceqfj7iz/25%20-%203.jpg?dl=0
32,32 - 2.jpg,https://dl.dropboxusercontent.com/s/w8ld6mqwu3ddjkd/32%20-%202.jpg?dl=0
12,12.m4a,https://dl.dropboxusercontent.com/s/w1ednkfq27raa1r/12.m4a?dl=0
27,27 - 2.jpg,https://dl.dropboxusercontent.com/s/vxhx8qai63gp9rf/27%20-%202.jpg?dl=0
04,04 - 1.jpg,https://dl.dropboxusercontent.com/s/vtqgmoda9e6qqkq/04%20-%201.jpg?dl=0
06,06.m4a,https://dl.dropboxusercontent.com/s/uqeb53l9s3zujot/06.m4a?dl=0
18,18 - 4.jpg,https://dl.dropboxusercontent.com/s/uel1utxt9vwwxhp/18%20-%204.jpg?dl=0
24,24 - 6.jpg,https://dl.dropboxusercontent.com/s/uboa604eq2tdh0d/24%20-%206.jpg?dl=0
27,27 - 1.jpg,https://dl.dropboxusercontent.com/s/ub27nirjawwaj5a/27%20-%201.jpg?dl=0
12,12 - 3.jpg,https://dl.dropboxusercontent.com/s/uaxxk90ezosiwdc/12%20-%203.jpg?dl=0
36,36.m4a,https://dl.dropboxusercontent.com/s/u0g8m14bprfnenq/36.m4a?dl=0
18,18 - 1.jpg,https://dl.dropboxusercontent.com/s/txjyd1rh7n5iial/18%20-%201.jpg?dl=0
19,19 - 2.jpg,https://dl.dropboxusercontent.com/s/tmvkg6u2eti24zc/19%20-%202.jpg?dl=0
37,37 - 1.jpg,https://dl.dropboxusercontent.com/s/tlqgp1w47l4l5b0/37%20-%201.jpg?dl=0
08,08.m4a,https://dl.dropboxusercontent.com/s/tk85tkfmwv0ybww/08.m4a?dl=0
34,34.m4a,https://dl.dropboxusercontent.com/s/tjmj5wuumr73q3t/34.m4a?dl=0
20,20 - 4.jpg,https://dl.dropboxusercontent.com/s/tjko2jmgnxzu01z/20%20-%204.jpg?dl=0
33,33.m4a,https://dl.dropboxusercontent.com/s/t6py79yescpwd9t/33.m4a?dl=0
28,28 - 4.jpg,https://dl.dropboxusercontent.com/s/svuyfx2a3ojz271/28%20-%204.jpg?dl=0
24,24 - 2.jpg,https://dl.dropboxusercontent.com/s/stwmi2ubxq8jynk/24%20-%202.jpg?dl=0
26,26 - 3.jpg,https://dl.dropboxusercontent.com/s/spvwpnk1b5pydlf/26%20-%203.jpg?dl=0
30,30.m4a,https://dl.dropboxusercontent.com/s/skuv8fn8cy2hl94/30.m4a?dl=0
36,36 - 1.jpg,https://dl.dropboxusercontent.com/s/rvwgleb46qh6nl4/36%20-%201.jpg?dl=0
04,04 - 2.jpg,https://dl.dropboxusercontent.com/s/rslq3e0az1257ed/04%20-%202.jpg?dl=0
09,09 - 4.jpg,https://dl.dropboxusercontent.com/s/rs5c7lhxmcufug6/09%20-%204.jpg?dl=0
31,31 - 2.jpg,https://dl.dropboxusercontent.com/s/rkul7gjalg8yke1/31%20-%202.jpg?dl=0
16,16 - 1.jpg,https://dl.dropboxusercontent.com/s/rec3tptofowwkhn/16%20-%201.jpg?dl=0
22,22 - 2.jpg,https://dl.dropboxusercontent.com/s/r7bw6mlarualttn/22%20-%202.jpg?dl=0
14,14 - 2.jpg,https://dl.dropboxusercontent.com/s/r39eowas68gudfk/14%20-%202.jpg?dl=0
34,34 - 1.jpg,https://dl.dropboxusercontent.com/s/qx7yyre0xsaizk3/34%20-%201.jpg?dl=0
21,21.m4a,https://dl.dropboxusercontent.com/s/qvc9xx2621i5whj/21.m4a?dl=0
20,20 - 1.jpg,https://dl.dropboxusercontent.com/s/qqxitc42kc3qkqs/20%20-%201.jpg?dl=0
19,19 - 3.jpg,https://dl.dropboxusercontent.com/s/qlwljjyh1q2odqe/19%20-%203.jpg?dl=0
20,20.m4a,https://dl.dropboxusercontent.com/s/qhm2umh9xdgxsvi/20.m4a?dl=0
32,32.m4a,https://dl.dropboxusercontent.com/s/qedayldtc05gqcv/32.m4a?dl=0
36,36 - 2.jpg,https://dl.dropboxusercontent.com/s/qe5t4ix7hl2efis/36%20-%202.jpg?dl=0
21,21 - 3.jpg,https://dl.dropboxusercontent.com/s/qc6gpcez82054if/21%20-%203.jpg?dl=0
34,34 - 2.jpg,https://dl.dropboxusercontent.com/s/pueoqoot58zw0gj/34%20-%202.jpg?dl=0
16,16 - 3.jpg,https://dl.dropboxusercontent.com/s/pobp24ohb1wjald/16%20-%203.jpg?dl=0
14,14.m4a,https://dl.dropboxusercontent.com/s/ph2nhqd6gc0aktq/14.m4a?dl=0
36,36 - 4.jpg,https://dl.dropboxusercontent.com/s/otaqoun6z8ngczw/36%20-%204.jpg?dl=0
26,26 - 2.jpg,https://dl.dropboxusercontent.com/s/opcfmfr26gmx5tn/26%20-%202.jpg?dl=0
33,33 - 3.jpg,https://dl.dropboxusercontent.com/s/omph0a4afshbp73/33%20-%203.jpg?dl=0
05,05 - 1.jpg,https://dl.dropboxusercontent.com/s/obol7eadsu7w6cb/05%20-%201.jpg?dl=0
35,35 - 2.jpg,https://dl.dropboxusercontent.com/s/oal1do3d1bambv8/35%20-%202.jpg?dl=0
05,05 - 2.jpg,https://dl.dropboxusercontent.com/s/oa87am16dzc9b4b/05%20-%202.jpg?dl=0
28,28 - 1.jpg,https://dl.dropboxusercontent.com/s/o2x600hnu1x9jfr/28%20-%201.jpg?dl=0
13,13.m4a,https://dl.dropboxusercontent.com/s/o1uhiptuw9jvpo5/13.m4a?dl=0
02,02.m4a,https://dl.dropboxusercontent.com/s/nrsvab75xz9vspd/02.m4a?dl=0
21,21 - 1.jpg,https://dl.dropboxusercontent.com/s/ndkdziban5j1o35/21%20-%201.jpg?dl=0
34,34 - 4.jpg,https://dl.dropboxusercontent.com/s/nc2a4juvqmx3xnx/34%20-%204.jpg?dl=0
22,22 - 1.jpg,https://dl.dropboxusercontent.com/s/mwotkr8k1olpm8d/22%20-%201.jpg?dl=0
18,18 - 3.jpg,https://dl.dropboxusercontent.com/s/mmim0qii37nwq5l/18%20-%203.jpg?dl=0
24,24 - 5.jpg,https://dl.dropboxusercontent.com/s/mhutvo68pu3ylg1/24%20-%205.jpg?dl=0
11,11 - 5.jpg,https://dl.dropboxusercontent.com/s/mc8fl98l5ajxr51/11%20-%205.jpg?dl=0
14,14 - 1.jpg,https://dl.dropboxusercontent.com/s/ma2jzgwitk9q1z7/14%20-%201.jpg?dl=0
10,10 - 4.jpg,https://dl.dropboxusercontent.com/s/m7lungkw744a186/10%20-%204.jpg?dl=0
08,08 - 3.jpg,https://dl.dropboxusercontent.com/s/m1owiw7rwg3os8t/08%20-%203.jpg?dl=0
32,32 - 1.jpg,https://dl.dropboxusercontent.com/s/lxoyoejhlaak81y/32%20-%201.jpg?dl=0
28,28 - 2.jpg,https://dl.dropboxusercontent.com/s/lv40uwxr9gqvasx/28%20-%202.jpg?dl=0
18,18.m4a,https://dl.dropboxusercontent.com/s/ldgbaoakohcjqjs/18.m4a?dl=0
27,27 - 3.jpg,https://dl.dropboxusercontent.com/s/l61lwwz2k8a2j15/27%20-%203.jpg?dl=0
10,10 - 3.jpg,https://dl.dropboxusercontent.com/s/l5khw729v7il2sk/10%20-%203.jpg?dl=0
35,35 - 3.jpg,https://dl.dropboxusercontent.com/s/kxtrvccv9z0wbtt/35%20-%203.jpg?dl=0
06,06 - 2.jpg,https://dl.dropboxusercontent.com/s/kxr85vhfnb6jm7i/06%20-%202.jpg?dl=0
01,01 - 1.jpg,https://dl.dropboxusercontent.com/s/krkayflabuegsna/01%20-%201.jpg?dl=0
35,35 - 1.jpg,https://dl.dropboxusercontent.com/s/krdv8xu1p2qqui4/35%20-%201.jpg?dl=0
19,19 - 4.jpg,https://dl.dropboxusercontent.com/s/kgirkanan7o6z45/19%20-%204.jpg?dl=0
10,10.m4a,https://dl.dropboxusercontent.com/s/k7m8idj1zxqnf1c/10.m4a?dl=0
08,08 - 1.jpg,https://dl.dropboxusercontent.com/s/k5febmwc2f9etk8/08%20-%201.jpg?dl=0
22,22 - 4.jpg,https://dl.dropboxusercontent.com/s/jwtd1194b4md640/22%20-%204.jpg?dl=0
11,11.m4a,https://dl.dropboxusercontent.com/s/jr5hi0sr2ksnyfg/11.m4a?dl=0
22,22 - 3.jpg,https://dl.dropboxusercontent.com/s/jmosf420c1srlfq/22%20-%203.jpg?dl=0
33,33 - 1.jpg,https://dl.dropboxusercontent.com/s/jmhxr3ftskt04r0/33%20-%201.jpg?dl=0
13,13 - 1.jpg,https://dl.dropboxusercontent.com/s/iyrl5evq7xok7qb/13%20-%201.jpg?dl=0
27,27 - bubble.jpg,https://dl.dropboxusercontent.com/s/iuje90cozxyb3sf/27%20-%20bubble.jpg?dl=0
15,15 - 1.jpg,https://dl.dropboxusercontent.com/s/ic7j1b7sli4d0wn/15%20-%201.jpg?dl=0
31,31 - 1.jpg,https://dl.dropboxusercontent.com/s/i33syprkiplbt39/31%20-%201.jpg?dl=0
02,02 - 2.jpg,https://dl.dropboxusercontent.com/s/hxz5bchpoxh8wiz/02%20-%202.jpg?dl=0
24,24 - 1.jpg,https://dl.dropboxusercontent.com/s/hllhqd1dt5wwyfd/24%20-%201.jpg?dl=0
25,25 - 2.jpg,https://dl.dropboxusercontent.com/s/her9urrbsr0jjjo/25%20-%202.jpg?dl=0
07,07.m4a,https://dl.dropboxusercontent.com/s/heoo5vnfah73g0h/07.m4a?dl=0
27,27.m4a,https://dl.dropboxusercontent.com/s/h6oge3q9yh83kpq/27.m4a?dl=0
11,11 - 3.jpg,https://dl.dropboxusercontent.com/s/h43806z25332d1y/11%20-%203.jpg?dl=0
06,06 - 3.jpg,https://dl.dropboxusercontent.com/s/h31lg2cic5x81yc/06%20-%203.jpg?dl=0
33,33 - 2.jpg,https://dl.dropboxusercontent.com/s/fulkgzpw8ys8x9v/33%20-%202.jpg?dl=0
09,09 - 1.jpg,https://dl.dropboxusercontent.com/s/fhyfn0yf18tcbt6/09%20-%201.jpg?dl=0
26,26.m4a,https://dl.dropboxusercontent.com/s/fah8nyjrlnklcjd/26.m4a?dl=0
08,08 - 5.jpg,https://dl.dropboxusercontent.com/s/f1vab9x8ijlezu9/08%20-%205.jpg?dl=0
06,06 - 4.jpg,https://dl.dropboxusercontent.com/s/eyu8klm3rglubns/06%20-%204.jpg?dl=0
29,29 - 1.jpg,https://dl.dropboxusercontent.com/s/en91y33lz83bbg1/29%20-%201.jpg?dl=0
21,21 - 2.jpg,https://dl.dropboxusercontent.com/s/eeh27gekkvzuehj/21%20-%202.jpg?dl=0
23,23.m4a,https://dl.dropboxusercontent.com/s/d8z9rywiex046n9/23.m4a?dl=0
11,11 - 1.jpg,https://dl.dropboxusercontent.com/s/cy6ydix6ukig8rc/11%20-%201.jpg?dl=0
06,06 - 1.jpg,https://dl.dropboxusercontent.com/s/cw0wom9708e6a35/06%20-%201.jpg?dl=0
12,12 - 1.jpg,https://dl.dropboxusercontent.com/s/crwojiia4lkmuza/12%20-%201.jpg?dl=0
12,12 - 4.jpg,https://dl.dropboxusercontent.com/s/cknrzb7cyvmyv13/12%20-%204.jpg?dl=0
11,11 - 4.jpg,https://dl.dropboxusercontent.com/s/cg7rpg9q74nl6c1/11%20-%204.jpg?dl=0
22,22 - 5.jpg,https://dl.dropboxusercontent.com/s/bz82u44ia4a2l7k/22%20-%205.jpg?dl=0
35,35.m4a,https://dl.dropboxusercontent.com/s/bvcuxcgb3157bvy/35.m4a?dl=0
09,09 - 2.jpg,https://dl.dropboxusercontent.com/s/bqohivf7uw940i0/09%20-%202.jpg?dl=0
13,13 - 2.jpg,https://dl.dropboxusercontent.com/s/bn9ugwci2mopxgb/13%20-%202.jpg?dl=0
32,32 - 3.jpg,https://dl.dropboxusercontent.com/s/amc2rvlec9f1v6b/32%20-%203.jpg?dl=0
24,24 - 4.jpg,https://dl.dropboxusercontent.com/s/a2sa5d685wswyhr/24%20-%204.jpg?dl=0
10,10 - 1.jpg,https://dl.dropboxusercontent.com/s/9z35bohfivk1dbu/10%20-%201.jpg?dl=0
23,23 - 2.jpg,https://dl.dropboxusercontent.com/s/9l2inhv9kak5jlj/23%20-%202.jpg?dl=0
37,37 - 2.jpg,https://dl.dropboxusercontent.com/s/9kngkoeq7h20v12/37%20-%202.jpg?dl=0
19,19.m4a,https://dl.dropboxusercontent.com/s/9gbtel5bkt3tw45/19.m4a?dl=0
23,23 - 1.jpg,https://dl.dropboxusercontent.com/s/8nxpgmjvifo7xc6/23%20-%201.jpg?dl=0
27,27 - bubble.png,https://dl.dropboxusercontent.com/s/8ghmg059dt8bia7/27%20-%20bubble.png?dl=0
11,11 - 2.jpg,https://dl.dropboxusercontent.com/s/8ald5figr7bdrto/11%20-%202.jpg?dl=0
12,12 - 2.jpg,https://dl.dropboxusercontent.com/s/83xbxxcdokiuv3a/12%20-%202.jpg?dl=0
37,37.m4a,https://dl.dropboxusercontent.com/s/823eghqeuxlogg9/37.m4a?dl=0
29,29 - 2.jpg,https://dl.dropboxusercontent.com/s/7qspeid7umsqt26/29%20-%202.jpg?dl=0
24,24.m4a,https://dl.dropboxusercontent.com/s/7kcqi5elrgf1vpi/24.m4a?dl=0
16,16 - 4.jpg,https://dl.dropboxusercontent.com/s/7iopvix6a72cstp/16%20-%204.jpg?dl=0
25,25 - 1.jpg,https://dl.dropboxusercontent.com/s/7dr9mu2jonmamon/25%20-%201.jpg?dl=0
29,29 - 4.jpg,https://dl.dropboxusercontent.com/s/75wu9lpev2e3ivx/29%20-%204.jpg?dl=0
25,25.m4a,https://dl.dropboxusercontent.com/s/6wb17j20b13agcp/25.m4a?dl=0
30,30 - 2.jpg,https://dl.dropboxusercontent.com/s/6qo1exuxw4khsle/30%20-%202.jpg?dl=0
21,21 - 4.jpg,https://dl.dropboxusercontent.com/s/6me8hafojameh7h/21%20-%204.jpg?dl=0
31,31.m4a,https://dl.dropboxusercontent.com/s/68bc0q74eqxyhm1/31.m4a?dl=0
09,09.m4a,https://dl.dropboxusercontent.com/s/63zh48exmb6ma51/09.m4a?dl=0
20,20 - 3.jpg,https://dl.dropboxusercontent.com/s/6266ijv76fxzl83/20%20-%203.jpg?dl=0
20,20 - 2.jpg,https://dl.dropboxusercontent.com/s/5z5eyddtcehi01e/20%20-%202.jpg?dl=0
24,24 - 3.jpg,https://dl.dropboxusercontent.com/s/5whi5n72jrkckxq/24%20-%203.jpg?dl=0
04,04.m4a,https://dl.dropboxusercontent.com/s/5rd6wbarivij4y1/04.m4a?dl=0
08,08 - 4.jpg,https://dl.dropboxusercontent.com/s/5p7s933o9qmbq7p/08%20-%204.jpg?dl=0
02,02 - 1.jpg,https://dl.dropboxusercontent.com/s/4xmnyrzllpw3i8i/02%20-%201.jpg?dl=0
26,26 - 1.jpg,https://dl.dropboxusercontent.com/s/4qawgf7yjofyrdp/26%20-%201.jpg?dl=0
18,18 - 2.jpg,https://dl.dropboxusercontent.com/s/40quz26o14awt32/18%20-%202.jpg?dl=0
30,30 - 3.jpg,https://dl.dropboxusercontent.com/s/3k1d5wza0bo97ec/30%20-%203.jpg?dl=0
34,34 - 5.jpg,https://dl.dropboxusercontent.com/s/3b0mf4nsd6a18m3/34%20-%205.jpg?dl=0
07,07 - 1.jpg,https://dl.dropboxusercontent.com/s/35dnud1ixanepb5/07%20-%201.jpg?dl=0
28,28 - 3.jpg,https://dl.dropboxusercontent.com/s/304csd9ntryzjn3/28%20-%203.jpg?dl=0
09,09 - 3.jpg,https://dl.dropboxusercontent.com/s/2q2t28lxqum0ak0/09%20-%203.jpg?dl=0
15,15 - 3.jpg,https://dl.dropboxusercontent.com/s/2h9y67vdwlehkbu/15%20-%203.jpg?dl=0
34,34 - 3.jpg,https://dl.dropboxusercontent.com/s/29t62sycfef1ukd/34%20-%203.jpg?dl=0
01,01.m4a,https://dl.dropboxusercontent.com/s/27nqwrs9omwboml/01.m4a?dl=0
34,34 - GLX888T.jpg,https://dl.dropboxusercontent.com/s/22x7bkq1965q4bk/34%20-%20GLX888T.jpg?dl=0
29,29 - 3.jpg,https://dl.dropboxusercontent.com/s/1qe1425qjfv2863/29%20-%203.jpg?dl=0
36,36 - 3.jpg,https://dl.dropboxusercontent.com/s/1iz7d2hq2p0lftn/36%20-%203.jpg?dl=0
28,28.m4a,https://dl.dropboxusercontent.com/s/1hl32i2yhtg3r00/28.m4a?dl=0
29,29.m4a,https://dl.dropboxusercontent.com/s/0wzy1ysmfjr7vfu/29.m4a?dl=0
20,20 - 5.jpg,https://dl.dropboxusercontent.com/s/0kwqgeg2g1rs0w5/20%20-%205.jpg?dl=0
19,19 - 1.jpg,https://dl.dropboxusercontent.com/s/018rsjey9xxq4dw/19%20-%201.jpg?dl=0
15,15.m4a,https://dl.dropboxusercontent.com/s/00077rq3o0qsqli/15.m4a?dl=0
